<?xml version="1.0" encoding="utf-8" ?>
<Defs>  

<!-- Common to all can-making -->
	<RecipeDef Name="C81_MakeAllCans" Abstract="True">
		<jobString>Making cans.</jobString>
		<workSpeedStat>SmithingSpeed</workSpeedStat>
		<effectWorking>Cook</effectWorking>
		<soundWorking>Recipe_Machining</soundWorking>
		<workSkill>Crafting</workSkill>
		<recipeUsers>
			<li>TableMachining</li>
		</recipeUsers>
		<researchPrerequisite>C81_CanningTech</researchPrerequisite>
	</RecipeDef>
	
<!-- Make 5 standard can batches, 1 steel, craft 6 -->	
	<RecipeDef ParentName="C81_MakeAllCans">
		<defName>C81_MakeStdCanX5</defName>
		<label>Make 5 standard cans</label>
		<description>Make 5 standard steel can batches.</description>
		<workAmount>240</workAmount>
		
		<ingredients>
			<li>
				<filter>
					<thingDefs>
						<li>Steel</li>
					</thingDefs>
				</filter>
				<count>1</count>
			</li>
		</ingredients>
		
		<fixedIngredientFilter>
			<thingDefs>
				<li>Steel</li>
			</thingDefs>
		</fixedIngredientFilter>
		
		<products>
			<C81_StdCan>5</C81_StdCan>
		</products>
		
		<skillRequirements>
			<Crafting>6</Crafting>
		</skillRequirements>
	</RecipeDef>

<!-- Make 20 standard can batches, 4 steel, craft 8 -->
	<RecipeDef ParentName="C81_MakeAllCans">
		<defName>C81_MakeStdCanX20</defName>
		<label>Make 20 standard cans</label>
		<description>Make 20 standard steel can batches.</description>
		<workAmount>960</workAmount>
		
		<ingredients>
			<li>
				<filter>
					<thingDefs>
						<li>Steel</li>
					</thingDefs>
				</filter>
				<count>4</count>
			</li>
		</ingredients>
		
		<fixedIngredientFilter>
			<thingDefs>
				<li>Steel</li>
			</thingDefs>
		</fixedIngredientFilter>
		
		<products>
			<C81_StdCan>20</C81_StdCan>
		</products>
		
		<skillRequirements>
			<Crafting>8</Crafting>
		</skillRequirements>
	</RecipeDef>	
	
<!-- Make 5 advanced can batches, 1 steel 1 psycho leaf, craft 8 -->
	<RecipeDef ParentName="C81_MakeAllCans">
		<defName>C81_MakeAdvCanX5</defName>
		<label>Make 5 preserving cans</label>
		<description>Make 5 preserving steel can batches.</description>
		<workAmount>400</workAmount>
		
		<ingredients>
			<li>
				<filter>
					<thingDefs>
						<li>Steel</li>
					</thingDefs>
				</filter>
				<count>1</count>
			</li>
			<li>
				<filter>
					<thingDefs>
						<li>PsychoidLeaves</li>
					</thingDefs>
				</filter>
				<count>1</count>
			</li>
		</ingredients>
		
		<fixedIngredientFilter>
			<thingDefs>
				<li>Steel</li>
				<li>PsychoidLeaves</li>
			</thingDefs>
		</fixedIngredientFilter>
		
		<products>
			<C81_AdvCan>5</C81_AdvCan>
		</products>
		
		<skillRequirements>
			<Crafting>8</Crafting>
		</skillRequirements>
	</RecipeDef>	
	
<!-- Make 20 advanced can batches, 4 steel 4 psycho leaves, craft 10 -->
	<RecipeDef ParentName="C81_MakeAllCans">
		<defName>C81_MakeAdvCanX20</defName>
		<label>Make 20 preserving cans</label>
		<description>Make 20 preserving steel can batches.</description>
		<workAmount>1200</workAmount>
		
		<ingredients>
			<li>
				<filter>
					<thingDefs>
						<li>Steel</li>
					</thingDefs>
				</filter>
				<count>4</count>
			</li>
			<li>
				<filter>
					<thingDefs>
						<li>PsychoidLeaves</li>
					</thingDefs>
				</filter>
				<count>4</count>
			</li>
		</ingredients>
		
		<fixedIngredientFilter>
			<thingDefs>
				<li>Steel</li>
				<li>PsychoidLeaves</li>
			</thingDefs>
		</fixedIngredientFilter>
		
		<products>
			<C81_AdvCan>20</C81_AdvCan>
		</products>
		
		<skillRequirements>
			<Crafting>10</Crafting>
		</skillRequirements>
	</RecipeDef>	
	

	
<!-- Common to all food canning -->	
	<RecipeDef Name="C81_CanningAll" Abstract="True">
		<workSpeedStat>CookSpeed</workSpeedStat>
		<requiredGiverWorkType>Cooking</requiredGiverWorkType>
		<effectWorking>Cook</effectWorking>
		<soundWorking>Recipe_CookMeal</soundWorking>
		<allowMixingIngredients>true</allowMixingIngredients>
	<!--<ingredientValueGetterClass>IngredientValueGetter_Nutrition</ingredientValueGetterClass>-->

		<workSkill>Cooking</workSkill>
			
		<recipeUsers>
			<li>FueledStove</li>
			<li>ElectricStove</li>
		</recipeUsers>		
	</RecipeDef>


	
<!-- Canned meat x1 -->	
	<RecipeDef ParentName="C81_CanningAll">
		<defName>C81_CanMeatX1</defName>
		<label>Can meat (1x can)</label>
		<description>Clean some meat and store the good parts to cook them later.</description>
		<jobString>Canning meat.</jobString>
		<workAmount>160</workAmount>
		
		<fixedIngredientFilter>
			<categories>
				<li>MeatRaw</li>
			</categories>
			
			<thingDefs>
				<li>C81_StdCan</li>
			</thingDefs>
			
			<disallowedThingDefs>
				<li>C81_CannedMeatRaw</li>
				<li>C81_PreservedMeatRaw</li>
				<li>Meat_Human</li>
				<li>Meat_Megaspider</li>
			</disallowedThingDefs>
		</fixedIngredientFilter>
		
		<ingredients>
			<li>
				<filter>
					<categories>
						<li>MeatRaw</li>
					</categories>
				</filter>
				<count>6</count>
			</li>
			<li>
				<filter>
					<thingDefs>
						<li>C81_StdCan</li>
					</thingDefs>
				</filter>
				<count>1</count>
			</li>
		</ingredients>
		
		<products>
			<C81_CannedMeatRaw>1</C81_CannedMeatRaw>
		</products>
		
		<skillRequirements>
			<Cooking>6</Cooking>
		</skillRequirements>
		
	</RecipeDef>

<!-- Canned meat x4 -->	
	<RecipeDef ParentName="C81_CanningAll">
		<defName>C81_CanMeatX4</defName>
		<label>Can meat (4x cans)</label>
		<description>Clean some meat and store the good parts to cook them later.</description>
		<jobString>Canning meat.</jobString>
		<workAmount>640</workAmount>

		<fixedIngredientFilter>
			<categories>
				<li>MeatRaw</li>
			</categories>
			
			<thingDefs>
				<li>C81_StdCan</li>
			</thingDefs>
			
			<disallowedThingDefs>
				<li>C81_CannedMeatRaw</li>
				<li>C81_PreservedMeatRaw</li>
				<li>Meat_Human</li>
				<li>Meat_Megaspider</li>
			</disallowedThingDefs>
		</fixedIngredientFilter>
		
		<ingredients>
			<li>
				<filter>
					<categories>
						<li>MeatRaw</li>
					</categories>
				</filter>
				<count>24</count>
			</li>
			<li>
				<filter>
					<thingDefs>
						<li>C81_StdCan</li>
					</thingDefs>
				</filter>
				<count>4</count>
			</li>
		</ingredients>
		
		<products>
			<C81_CannedMeatRaw>4</C81_CannedMeatRaw>
		</products>
		
		<skillRequirements>
			<Cooking>8</Cooking>
		</skillRequirements>
	</RecipeDef>	
	
	
<!-- Canned vegs x1 -->	
	<RecipeDef ParentName="C81_CanningAll">
		<defName>C81_CanVegsX1</defName>
		<label>Can vegetables (1x can)</label>
		<description>Clean some vegetables and store the good parts to cook them later.</description>
		<jobString>Canning vegetables.</jobString>
		<workAmount>160</workAmount>
		
		<fixedIngredientFilter>
			<categories>
				<li>PlantFoodRaw</li>
			</categories>
			
			<thingDefs>
				<li>C81_StdCan</li>
			</thingDefs>
			
			<disallowedThingDefs>
				<li>C81_CannedVegsRaw</li>
				<li>C81_PreservedVegsRaw</li>
			</disallowedThingDefs>
		</fixedIngredientFilter>
		
		<ingredients>
			<li>
				<filter>
					<categories>
						<li>PlantFoodRaw</li>
					</categories>
				</filter>
				<count>6</count>
			</li>
			<li>
				<filter>
					<thingDefs>
						<li>C81_StdCan</li>
					</thingDefs>
				</filter>
				<count>1</count>
			</li>
		</ingredients>
		
		<products>
			<C81_CannedVegsRaw>1</C81_CannedVegsRaw>
		</products>

		<skillRequirements>
			<Cooking>6</Cooking>
		</skillRequirements>
	</RecipeDef>

<!-- Canned vegs x4 -->	
	<RecipeDef ParentName="C81_CanningAll">
		<defName>C81_CanVegsX4</defName>
		<label>Can vegetables (4x cans)</label>
		<description>Clean some vegetables and store the good parts to cook them later.</description>
		<jobString>Canning vegetables.</jobString>
		<workAmount>640</workAmount>
		
		<fixedIngredientFilter>
			<categories>
				<li>PlantFoodRaw</li>
			</categories>
			
			<thingDefs>
				<li>C81_StdCan</li>
			</thingDefs>
			
			<disallowedThingDefs>
				<li>C81_CannedVegsRaw</li>
				<li>C81_PreservedVegsRaw</li>
			</disallowedThingDefs>
		</fixedIngredientFilter>
		
		<ingredients>
			<li>
				<filter>
					<categories>
						<li>PlantFoodRaw</li>
					</categories>
				</filter>
				<count>24</count>
			</li>
			<li>
				<filter>
					<thingDefs>
						<li>C81_StdCan</li>
					</thingDefs>
				</filter>
				<count>4</count>
			</li>
		</ingredients>
		
		<products>
			<C81_CannedVegsRaw>4</C81_CannedVegsRaw>
		</products>

		<skillRequirements>
			<Cooking>8</Cooking>
		</skillRequirements>
		</RecipeDef>		


	
<!-- Preserved meat x1 -->	
	<RecipeDef ParentName="C81_CanningAll">
		<defName>C81_PreserveMeatX1</defName>
		<label>Preserve meat (1x can)</label>
		<description>Clean some meat, season it and store the good parts in a sterile can to cook them later.</description>
		<jobString>Preserving meat.</jobString>
		<workAmount>240</workAmount>
		
		<fixedIngredientFilter>
			<categories>
				<li>MeatRaw</li>
			</categories>
			
			<thingDefs>
				<li>C81_AdvCan</li>
			</thingDefs>
			
			<disallowedThingDefs>
				<li>C81_CannedMeatRaw</li>
				<li>C81_PreservedMeatRaw</li>
				<li>Meat_Human</li>
				<li>Meat_Megaspider</li>
			</disallowedThingDefs>
		</fixedIngredientFilter>
		
		<ingredients>
			<li>
				<filter>
					<categories>
						<li>MeatRaw</li>
					</categories>
				</filter>
				<count>6</count>
			</li>
			<li>
				<filter>
					<thingDefs>
						<li>C81_AdvCan</li>
					</thingDefs>
				</filter>
				<count>1</count>
			</li>
		</ingredients>
		
		<products>
			<C81_PreservedMeatRaw>1</C81_PreservedMeatRaw>
		</products>
		
		<skillRequirements>
			<Cooking>8</Cooking>
		</skillRequirements>
	</RecipeDef>

<!-- Preserved meat x4 -->	
	<RecipeDef ParentName="C81_CanningAll">
		<defName>C81_PreserveMeatX4</defName>
		<label>Preserve meat (4x cans)</label>
		<description>Clean some meat, season it and store the good parts in a sterile can to cook them later.</description>
		<jobString>Preserving meat.</jobString>
		<workAmount>960</workAmount>

		<fixedIngredientFilter>
			<categories>
				<li>MeatRaw</li>
			</categories>
			
			<thingDefs>
				<li>C81_AdvCan</li>
			</thingDefs>
			
			<disallowedThingDefs>
				<li>C81_CannedMeatRaw</li>
				<li>C81_PreservedMeatRaw</li>
				<li>Meat_Human</li>
				<li>Meat_Megaspider</li>
			</disallowedThingDefs>
		</fixedIngredientFilter>
		
		<ingredients>
			<li>
				<filter>
					<categories>
						<li>MeatRaw</li>
					</categories>
				</filter>
				<count>24</count>
			</li>
			<li>
				<filter>
					<thingDefs>
						<li>C81_AdvCan</li>
					</thingDefs>
				</filter>
				<count>4</count>
			</li>
		</ingredients>
		
		<products>
			<C81_PreservedMeatRaw>4</C81_PreservedMeatRaw>
		</products>
		
		<skillRequirements>
			<Cooking>10</Cooking>
		</skillRequirements>
	</RecipeDef>	
	
	
<!-- Preserved vegs x1 -->	
	<RecipeDef ParentName="C81_CanningAll">
		<defName>C81_PreserveVegsX1</defName>
		<label>Preserve vegetables (1x can)</label>
		<description>Clean some vegetables, season them and store the good parts in a sterile can to cook them later.</description>
		<jobString>Canning vegetables.</jobString>
		<workAmount>240</workAmount>
		
		<fixedIngredientFilter>
			<categories>
				<li>PlantFoodRaw</li>
			</categories>
			
			<thingDefs>
				<li>C81_AdvCan</li>
			</thingDefs>
			
			<disallowedThingDefs>
				<li>C81_CannedVegsRaw</li>
				<li>C81_PreservedVegsRaw</li>
			</disallowedThingDefs>
		</fixedIngredientFilter>
		
		<ingredients>
			<li>
				<filter>
					<categories>
						<li>PlantFoodRaw</li>
					</categories>
				</filter>
				<count>6</count>
			</li>
			<li>
				<filter>
					<thingDefs>
						<li>C81_AdvCan</li>
					</thingDefs>
				</filter>
				<count>1</count>
			</li>
		</ingredients>
		
		<products>
			<C81_PreservedVegsRaw>1</C81_PreservedVegsRaw>
		</products>
		
		<skillRequirements>
			<Cooking>8</Cooking>
		</skillRequirements>
	</RecipeDef>

<!-- Preserved vegs x4 -->	
	<RecipeDef ParentName="C81_CanningAll">
		<defName>C81_PreserveVegsX4</defName>
		<label>Preserve vegetables (4x can)</label>
		<description>Clean some vegetables, season them and store the good parts in a sterile can to cook them later.</description>
		<jobString>Canning vegetables.</jobString>
		<workAmount>960</workAmount>
		
		<fixedIngredientFilter>
			<categories>
				<li>PlantFoodRaw</li>
			</categories>
			
			<thingDefs>
				<li>C81_AdvCan</li>
			</thingDefs>
			
			<disallowedThingDefs>
				<li>C81_CannedVegsRaw</li>
				<li>C81_PreservedVegsRaw</li>
			</disallowedThingDefs>
		</fixedIngredientFilter>
		
		<ingredients>
			<li>
				<filter>
					<categories>
						<li>PlantFoodRaw</li>
					</categories>
				</filter>
				<count>24</count>
			</li>
			<li>
				<filter>
					<thingDefs>
						<li>C81_AdvCan</li>
					</thingDefs>
				</filter>
				<count>4</count>
			</li>
		</ingredients>
		
		<products>
			<C81_PreservedVegsRaw>4</C81_PreservedVegsRaw>
		</products>
		
		<skillRequirements>
			<Cooking>10</Cooking>
		</skillRequirements>
	</RecipeDef>		
	
</Defs>  
